# {"t_start": 1618040081.9250197, "env_id": "DemonAttackNoFrameskip-v4"} 
r,l,t
140.0,1182,7.858533
140.0,643,11.942856
